[{"jid":"558181896518@s.whatsapp.net","xp":632738,"level":7},{"jid":"558588736978@s.whatsapp.net","xp":7640,"level":2},{"jid":"555194799168@s.whatsapp.net","xp":77569,"level":5},{"jid":"558781389867@s.whatsapp.net","xp":14474,"level":2},{"jid":"555399954186@s.whatsapp.net","xp":36193,"level":4},{"jid":"553198245691@s.whatsapp.net","xp":803,"level":1},{"jid":"559191418643@s.whatsapp.net","xp":211799,"level":6},{"jid":"553189768466@s.whatsapp.net","xp":92915,"level":5},{"jid":"557193410550@s.whatsapp.net","xp":804,"level":1},{"jid":"554195908672@s.whatsapp.net","xp":404,"level":1},{"jid":"559391967601@s.whatsapp.net","xp":401,"level":1},{"jid":"5512997377369@s.whatsapp.net","xp":1207,"level":1},{"jid":"556298510538@s.whatsapp.net","xp":1204,"level":1},{"jid":"558187397590@s.whatsapp.net","xp":806,"level":1},{"jid":"556696150513@s.whatsapp.net","xp":4025,"level":1},{"jid":"554784897986@s.whatsapp.net","xp":74742,"level":4},{"jid":"5511958018330@s.whatsapp.net","xp":25726,"level":3},{"jid":"555384870153@s.whatsapp.net","xp":2010,"level":1},{"jid":"559193787538@s.whatsapp.net","xp":1612,"level":1},{"jid":"558393629706@s.whatsapp.net","xp":32962,"level":3},{"jid":"17194907790@s.whatsapp.net","xp":24129,"level":3},{"jid":"559193333650@s.whatsapp.net","xp":54263,"level":4},{"jid":"559192344608@s.whatsapp.net","xp":2015,"level":1},{"jid":"559984154991@s.whatsapp.net","xp":4025,"level":1},{"jid":"5511996122056@s.whatsapp.net","xp":50619,"level":4},{"jid":"558781637579@s.whatsapp.net","xp":806,"level":1},{"jid":"559492386765@s.whatsapp.net","xp":1205,"level":1},{"jid":"556391040171@s.whatsapp.net","xp":5233,"level":2},{"jid":"559292566991@s.whatsapp.net","xp":6433,"level":2},{"jid":"5519996802858@s.whatsapp.net","xp":25717,"level":3},{"jid":"994405694322@s.whatsapp.net","xp":2812,"level":1},{"jid":"5519989853662@s.whatsapp.net","xp":16469,"level":3},{"jid":"5519987590305@s.whatsapp.net","xp":4421,"level":1},{"jid":"5519971455579@s.whatsapp.net","xp":16479,"level":3},{"jid":"5519989660547@s.whatsapp.net","xp":1611,"level":1},{"jid":"5519991438035@s.whatsapp.net","xp":403,"level":1},{"jid":"5519989978580@s.whatsapp.net","xp":402,"level":1},{"jid":"5519993500999@s.whatsapp.net","xp":3214,"level":1},{"jid":"559684042154@s.whatsapp.net","xp":14870,"level":2},{"jid":"558589523972@s.whatsapp.net","xp":402,"level":1},{"jid":"5519995726762@s.whatsapp.net","xp":2415,"level":1},{"jid":"5519997654751@s.whatsapp.net","xp":8035,"level":2},{"jid":"5511952369836@s.whatsapp.net","xp":806,"level":1},{"jid":"554191258819@s.whatsapp.net","xp":808,"level":1},{"jid":"5528992534821@s.whatsapp.net","xp":108127,"level":5},{"jid":"559185814980@s.whatsapp.net","xp":2417,"level":1},{"jid":"553498381172@s.whatsapp.net","xp":401,"level":1},{"jid":"5519995868841@s.whatsapp.net","xp":1208,"level":1},{"jid":"559392387688@s.whatsapp.net","xp":2820,"level":1},{"jid":"557192803302@s.whatsapp.net","xp":2417,"level":1},{"jid":"5519997514468@s.whatsapp.net","xp":805,"level":1},{"jid":"554899053502@s.whatsapp.net","xp":405,"level":1},{"jid":"558195477149@s.whatsapp.net","xp":403,"level":1},{"jid":"554896292377@s.whatsapp.net","xp":403,"level":1},{"jid":"559882853363@s.whatsapp.net","xp":403,"level":1},{"jid":"5516992683360@s.whatsapp.net","xp":139460,"level":5},{"jid":"558198420769@s.whatsapp.net","xp":1612,"level":1},{"jid":"558196234749@s.whatsapp.net","xp":2815,"level":1},{"jid":"994400103474@s.whatsapp.net","xp":57295,"level":4},{"jid":"557186060401@s.whatsapp.net","xp":14469,"level":2},{"jid":"380944507365@s.whatsapp.net","xp":92467,"level":5},{"jid":"553884314708@s.whatsapp.net","xp":26519,"level":3},{"jid":"5511941231419@s.whatsapp.net","xp":10062,"level":2},{"jid":"559185825775@s.whatsapp.net","xp":10449,"level":2},{"jid":"5511975799786@s.whatsapp.net","xp":31369,"level":3},{"jid":"994406752627@s.whatsapp.net","xp":17693,"level":3},{"jid":"556593290889@s.whatsapp.net","xp":13666,"level":2},{"jid":"557597157743@s.whatsapp.net","xp":11254,"level":2},{"jid":"556992443036@s.whatsapp.net","xp":1203,"level":1},{"jid":"351935084863@s.whatsapp.net","xp":2807,"level":1},{"jid":"5522998258602@s.whatsapp.net","xp":53453,"level":4},{"jid":"558399893964@s.whatsapp.net","xp":4025,"level":1},{"jid":"556684572451@s.whatsapp.net","xp":3216,"level":1},{"jid":"557199592635@s.whatsapp.net","xp":806,"level":1},{"jid":"559984696373@s.whatsapp.net","xp":803,"level":1},{"jid":"559196150480@s.whatsapp.net","xp":1205,"level":1},{"jid":"557382095672@s.whatsapp.net","xp":404,"level":1},{"jid":"556291129689@s.whatsapp.net","xp":1207,"level":1},{"jid":"351965563097@s.whatsapp.net","xp":807,"level":1}]