[{"numero":"123@s.whatsapp.net","data":"11/09/21"},{"numero":"123@s.whatsapp.net","data":"11/09/21"},{"numero":"918@s.whatsapp.net","data":"11/09/21"},{"numero":"918@s.whatsapp.net","data":"11/09/21"},{"numero":"90@s.whatsapp.net","data":"11/09/21"},{"numero":"90@s.whatsapp.net","data":"11/09/21"},{"numero":"91@s.whatsapp.net","data":"11/09/21"},{"numero":"91@s.whatsapp.net","data":"11/09/21"},{"numero":"91@s.whatsapp.net","data":"11/09/21"},{"numero":"11@s.whatsapp.net","data":"11/09/21"},{"numero":"11@s.whatsapp.net","data":"11/09/21"}]